"","Module","Trait","Pval","Padj"
"Diagnosis.turquoise","turquoise","Diagnosis",0.053,0.11925
"Diagnosis.grey","grey","Diagnosis",0.1,0.163636363636364
"Diagnosis.red","red","Diagnosis",0.652,0.7785
"Diagnosis.pink","pink","Diagnosis",0.077,0.1458
"Diagnosis.brown","brown","Diagnosis",0.001,0.009
"Diagnosis.blue","blue","Diagnosis",0.012,0.0432
"Diagnosis.purple","purple","Diagnosis",0.048,0.11925
"Diagnosis.green","green","Diagnosis",0.738,0.781411764705882
"Diagnosis.salmon","salmon","Diagnosis",0.692,0.7785
"Diagnosis.greenyellow","greenyellow","Diagnosis",0.045,0.11925
"Diagnosis.lightcyan","lightcyan","Diagnosis",0.003,0.018
"Diagnosis.magenta","magenta","Diagnosis",0.001,0.009
"Diagnosis.yellow","yellow","Diagnosis",0.543,0.751846153846154
"Diagnosis.midnightblue","midnightblue","Diagnosis",0.621,0.7785
"Diagnosis.grey60","grey60","Diagnosis",0.081,0.1458
"Diagnosis.tan","tan","Diagnosis",0.33,0.495
"Diagnosis.black","black","Diagnosis",0.005,0.0225
"Diagnosis.cyan","cyan","Diagnosis",0.962,0.962
"Neurons.turquoise","turquoise","Neurons",0.006,0.0135
"Neurons.grey","grey","Neurons",0.001,0.0036
"Neurons.red","red","Neurons",0.019,0.0342
"Neurons.pink","pink","Neurons",0.016,0.032
"Neurons.brown","brown","Neurons",0.001,0.0036
"Neurons.blue","blue","Neurons",0.001,0.0036
"Neurons.purple","purple","Neurons",0.056,0.084
"Neurons.green","green","Neurons",0.071,0.0983076923076923
"Neurons.salmon","salmon","Neurons",0.689,0.689
"Neurons.greenyellow","greenyellow","Neurons",0.036,0.0589090909090909
"Neurons.lightcyan","lightcyan","Neurons",0.001,0.0036
"Neurons.magenta","magenta","Neurons",0.001,0.0036
"Neurons.yellow","yellow","Neurons",0.003,0.00771428571428572
"Neurons.midnightblue","midnightblue","Neurons",0.531,0.562235294117647
"Neurons.grey60","grey60","Neurons",0.081,0.104142857142857
"Neurons.tan","tan","Neurons",0.379,0.4548
"Neurons.black","black","Neurons",0.002,0.006
"Neurons.cyan","cyan","Neurons",0.48,0.54
"GROUP.turquoise","turquoise","GROUP",0.005,0.01
"GROUP.grey","grey","GROUP",0.001,0.003
"GROUP.red","red","GROUP",0.02,0.03
"GROUP.pink","pink","GROUP",0.015,0.027
"GROUP.brown","brown","GROUP",0.001,0.003
"GROUP.blue","blue","GROUP",0.001,0.003
"GROUP.purple","purple","GROUP",0.019,0.03
"GROUP.green","green","GROUP",0.077,0.099
"GROUP.salmon","salmon","GROUP",0.551,0.551
"GROUP.greenyellow","greenyellow","GROUP",0.001,0.003
"GROUP.lightcyan","lightcyan","GROUP",0.001,0.003
"GROUP.magenta","magenta","GROUP",0.001,0.003
"GROUP.yellow","yellow","GROUP",0.005,0.01
"GROUP.midnightblue","midnightblue","GROUP",0.368,0.414
"GROUP.grey60","grey60","GROUP",0.053,0.0733846153846154
"GROUP.tan","tan","GROUP",0.471,0.498705882352941
"GROUP.black","black","GROUP",0.002,0.00514285714285714
"GROUP.cyan","cyan","GROUP",0.357,0.414
"Sex.turquoise","turquoise","Sex",0.053,0.11925
"Sex.grey","grey","Sex",0.1,0.163636363636364
"Sex.red","red","Sex",0.652,0.7785
"Sex.pink","pink","Sex",0.077,0.1458
"Sex.brown","brown","Sex",0.001,0.009
"Sex.blue","blue","Sex",0.012,0.0432
"Sex.purple","purple","Sex",0.048,0.11925
"Sex.green","green","Sex",0.738,0.781411764705882
"Sex.salmon","salmon","Sex",0.692,0.7785
"Sex.greenyellow","greenyellow","Sex",0.045,0.11925
"Sex.lightcyan","lightcyan","Sex",0.003,0.018
"Sex.magenta","magenta","Sex",0.001,0.009
"Sex.yellow","yellow","Sex",0.543,0.751846153846154
"Sex.midnightblue","midnightblue","Sex",0.621,0.7785
"Sex.grey60","grey60","Sex",0.081,0.1458
"Sex.tan","tan","Sex",0.33,0.495
"Sex.black","black","Sex",0.005,0.0225
"Sex.cyan","cyan","Sex",0.962,0.962
"APOE.turquoise","turquoise","APOE",0.053,0.11925
"APOE.grey","grey","APOE",0.1,0.163636363636364
"APOE.red","red","APOE",0.652,0.7785
"APOE.pink","pink","APOE",0.077,0.1458
"APOE.brown","brown","APOE",0.001,0.009
"APOE.blue","blue","APOE",0.012,0.0432
"APOE.purple","purple","APOE",0.048,0.11925
"APOE.green","green","APOE",0.738,0.781411764705882
"APOE.salmon","salmon","APOE",0.692,0.7785
"APOE.greenyellow","greenyellow","APOE",0.045,0.11925
"APOE.lightcyan","lightcyan","APOE",0.003,0.018
"APOE.magenta","magenta","APOE",0.001,0.009
"APOE.yellow","yellow","APOE",0.543,0.751846153846154
"APOE.midnightblue","midnightblue","APOE",0.621,0.7785
"APOE.grey60","grey60","APOE",0.081,0.1458
"APOE.tan","tan","APOE",0.33,0.495
"APOE.black","black","APOE",0.005,0.0225
"APOE.cyan","cyan","APOE",0.962,0.962
